"Message",Normal,"The command line argument /MakePriPath is not supported anymore, it will be ignored."
"Message",Normal,"The command line argument /AppPriProjectRoot is not supported anymore, it will be ignored."
"Message",Low,"Starting .NET Native compilation"
"Message",Low,""
"Message",Low,""
"Message",Low,"Task ""Gatekeeper"""
"Message",Normal,"Launching 'C:\Users\ckara\.nuget\packages\microsoft.net.native.compiler\2.0.0\tools\x86\ilc\ilc.exe --gatekeeper @""C:\Users\ckara\source\repos\SOM\dotnet\TestEnv1\obj\x86\Release\ilc\intermediate\gkargs.rsp""'"
"Message",Low,"Microsoft (R) .NET Native Gatekeeper Version 2.0.25710.01 "
"Message",Low,"Copyright (C) Microsoft Corporation.  All rights reserved. "
"Message",Low," "
"Message",Low,"Checking assembly 'C:\Users\ckara\source\repos\SOM\dotnet\TestEnv1\obj\x86\Release\ilc\in\Newtonsoft.Json.dll'. "
"Message",Low,"Checking assembly 'C:\Users\ckara\source\repos\SOM\dotnet\TestEnv1\obj\x86\Release\ilc\in\SOMTodayUWP.dll'. "
"Message",Low,"Checking assembly 'C:\Users\ckara\source\repos\SOM\dotnet\TestEnv1\obj\x86\Release\ilc\in\System.Linq.Dynamic.Core.dll'. "
"Message",Low,"Checking assembly 'C:\Users\ckara\source\repos\SOM\dotnet\TestEnv1\obj\x86\Release\ilc\in\TestEnv1.exe'. "
"Message",Normal,"'C:\Users\ckara\.nuget\packages\microsoft.net.native.compiler\2.0.0\tools\x86\ilc\ilc.exe --gatekeeper @""C:\Users\ckara\source\repos\SOM\dotnet\TestEnv1\obj\x86\Release\ilc\intermediate\gkargs.rsp""' completed."
"Message",Normal,"Process execution statistics (all times in milliseconds)"
"Message",Normal,"-----------------------------------------------------------------------------"
"Message",Normal,"launch  |  start   |   stop   |   end    | duration | lifetime | [slot] name"
"Message",Normal,"-----------------------------------------------------------------------------"
"Message",Normal,"       0 |        0 |      187 |      281 |      187 |      281 | [0] Gatekeeper"
"Message",Normal,"Number of commands:      1"
"Message",Normal,"Total system time:       281 ms"
"Message",Normal,"System time per command: 281 ms"
"Message",Normal,"Total duration:          187 ms"
"Message",Normal,"Total lifetime:          281 ms"
"Message",Normal,"Requested DOP:           12"
"Message",Normal,"Duration DOP:            0.7"
"Message",Normal,"Lifetime DOP:            1.0"
"Message",Low,"Done executing task ""Gatekeeper""."
"Message",Low,"Done building target ""RunGatekeeper"" in file ""Preparation""."
"Message",Low,""
"Message",Low,"Done building target ""CreateToolchainGeneratedAssembly"" in file ""Preparation""."
"Message",Low,""
"Message",Low,"Task ""PreMergeAssemblyClosure"""
"Message",Low,"Done executing task ""PreMergeAssemblyClosure""."
"Message",Low,"Done building target ""ConstructPreMergeAssemblyClosure"" in file ""Preparation""."
"Message",Low,""
"Message",Low,"Task ""McgReferenceResolveFilePath"""
"Message",Low,"Done executing task ""McgReferenceResolveFilePath""."
"Message",Low,"Done building target ""PreResolveTransforms"" in file ""Preparation""."
"Message",Low,""
"Message",Low,"Task ""ResolveToolchainRequiredAssemblyRoots"""
"Message",Low,"Done executing task ""ResolveToolchainRequiredAssemblyRoots""."
"Message",Low,"Task ""ILTransformAssemblyClosure"""
"Message",Low,"Done executing task ""ILTransformAssemblyClosure""."
"Message",Low,"Task ""ResolveToolchainRequiredAssemblyRoots"""
"Message",Low,"Done executing task ""ResolveToolchainRequiredAssemblyRoots""."
"Message",Low,"Task ""ReducedCopyAssemblyClosure"""
"Message",Low,"Done executing task ""ReducedCopyAssemblyClosure""."
"Message",Low,"Done building target ""ConstructILTransformAssemblyClosure"" in file ""Preparation""."
"Message",Low,"Done building project ""Preparation""."
"Message",Low,""
"Message",Low,""
"Message",High,"Processing application code"
"Message",Low,"Task ""RunILTransforms"""
"Message",Normal,"Running 'DumpNativeResources' transform, heap at 60 MB."
"Message",Normal,"Running 'Analysis' transform, heap at 13 MB."
"Message",Low,"Loading 107 modules..."
"Message",Normal,"Imported reflection directives from 16 files:"
"Message",Normal,"C:\Users\ckara\source\repos\SOM\dotnet\TestEnv1\obj\x86\Release\ilc\in\Properties\Default.rd.xml"
"Message",Normal,"Embedded manifest in System.Private.Interop: Resources.System.Private.Interop.rd.xml"
"Message",Normal,"Embedded manifest in System.Private.WinRTInterop.CoreLib: Resources.System.Private.WinRTInterop.CoreLib.rd.xml"
"Message",Normal,"Embedded manifest in System.Runtime.WindowsRuntime.UI.Xaml: Resources.System.Runtime.WindowsRuntime.UI.Xaml.rd.xml"
"Message",Normal,"Embedded manifest in SOMTodayUWP: SOMTodayUWP.Properties.SOMTodayUWP.rd.xml"
"Message",Normal,"Embedded manifest in System.Private.CoreLib: Resources.System.Private.CoreLib.rd.xml"
"Message",Normal,"Embedded manifest in System.Private.Uri: Resources.System.Private.Uri.rd.xml"
"Message",Normal,"Embedded manifest in System.Private.Reflection.Core: System.Private.Reflection.Core.rd.xml"
"Message",Normal,"Embedded manifest in System.Runtime.Serialization.Primitives: System.Runtime.Serialization.Primitives.Resources.System.Runtime.Serialization.Primitives.rd.xml"
"Message",Normal,"Embedded manifest in System.ComponentModel.TypeConverter: System.ComponentModel.TypeConverter.Resources.System.ComponentModel.TypeConverter.rd.xml"
"Message",Normal,"Embedded manifest in System.Linq.Expressions: System.Linq.Expressions.Resources.System.Linq.Expressions.rd.xml"
"Message",Normal,"Embedded manifest in System.Runtime.Serialization.Formatters: System.Runtime.Serialization.Formatters.Resources.System.Runtime.Serialization.Formatters.rd.xml"
"Message",Normal,"Embedded manifest in Microsoft.CSharp: Microsoft.CSharp.Resources.Microsoft.CSharp.rd.xml"
"Message",Normal,"Embedded manifest in System.Private.Xml: System.Xml.Resources.System.Private.Xml.rd.xml"
"Message",Normal,"Embedded manifest in System.Net.Primitives: Resources.System.Net.Primitives.rd.xml"
"Message",Normal,"Newtonsoft.Json"
"Message",Normal,"Imported XAML Roots from 1 files:"
"Message",Normal,"C:\Users\ckara\source\repos\SOM\dotnet\TestEnv1\obj\x86\Release\ilc\in\TestEnv1.xr.xml"
"Message",Normal,"Running 'Mcg' transform, heap at 268 MB."
"Message",High,"Computing application closure and generating interop code"
"Message",High,"  Loading 107 modules..."
"Message",Normal,"          P/Invoke 'RhpSetHighLevelDebugFuncEvalAbortHelper' with [DllImport(ExactSpelling=true)] resolved to '[MRT]!RhpSetHighLevelDebugFuncEvalAbortHelper'."
"Message",Normal,"          P/Invoke 'RhpGetFuncEvalTargetAddress' with [DllImport(ExactSpelling=true)] resolved to '[MRT]!RhpGetFuncEvalTargetAddress'."
"Message",Normal,"          P/Invoke 'RhpGetFuncEvalParameterBufferSize' with [DllImport(ExactSpelling=true)] resolved to '[MRT]!RhpGetFuncEvalParameterBufferSize'."
"Message",Normal,"          P/Invoke 'RhpGetFuncEvalMode' with [DllImport(ExactSpelling=true)] resolved to '[MRT]!RhpGetFuncEvalMode'."
"Message",Normal,"          P/Invoke 'RhpRecordDebuggeeInitiatedHandle' with [DllImport(ExactSpelling=true)] resolved to '[MRT]!RhpRecordDebuggeeInitiatedHandle'."
"Message",Normal,"          P/Invoke 'RhpVerifyDebuggerCleanup' with [DllImport(ExactSpelling=true)] resolved to '[MRT]!RhpVerifyDebuggerCleanup'."
"Message",Normal,"          P/Invoke 'RhpGetCurrentThread' with [DllImport(ExactSpelling=true)] resolved to '[MRT]!RhpGetCurrentThread'."
"Message",Normal,"          P/Invoke 'RhWaitForPendingFinalizers' with [DllImport(ExactSpelling=true)] resolved to '[MRT]!RhWaitForPendingFinalizers'."
"Message",Normal,"          P/Invoke 'RhYield' with [DllImport(ExactSpelling=true)] resolved to '[MRT]!RhYield'."
"Message",Normal,"          P/Invoke 'RhFlushProcessWriteBuffers' with [DllImport(ExactSpelling=true)] resolved to '[MRT]!RhFlushProcessWriteBuffers'."
"Message",Normal,"          P/Invoke 'RhCompatibleReentrantWaitAny' with [DllImport(ExactSpelling=true)] resolved to '[MRT]!RhCompatibleReentrantWaitAny'."
"Message",Normal,"          P/Invoke 'RhCallDescrWorker' with [DllImport(ExactSpelling=true)] resolved to '[MRT]!RhCallDescrWorker'."
"Message",Normal,"          P/Invoke '_ecvt_s' with [DllImport(ExactSpelling=true)] resolved to '[MRT]!_ecvt_s'."
"Message",Normal,"          P/Invoke 'memmove' with [DllImport(ExactSpelling=true)] resolved to '[MRT]!memmove'."
"Message",Normal,"          P/Invoke 'memset' with [DllImport(ExactSpelling=true)] resolved to '[MRT]!memset'."
"Message",Normal,"          P/Invoke 'CallingConventionConverter_GetStubs' with [DllImport(ExactSpelling=true)] resolved to '*!CallingConventionConverter_GetStubs'."
"Message",Normal,"          P/Invoke 'WindowsCreateStringReference' resolved to 'WindowsCreateStringReference!api-ms-win-core-winrt-string-l1-1-0.dll' from 'SupportedAPIs.xml'."
"Message",Normal,"          P/Invoke 'GetLastError' resolved to 'GetLastError!api-ms-win-core-errorhandling-l1-1-0.dll' from 'SupportedAPIs.xml'."
"Message",Normal,"          P/Invoke 'SetLastError' resolved to 'SetLastError!api-ms-win-core-errorhandling-l1-1-0.dll' from 'SupportedAPIs.xml'."
"Message",Normal,"          P/Invoke 'RoInitialize' resolved to 'RoInitialize!api-ms-win-core-winrt-l1-1-0.dll' from 'SupportedAPIs.xml'."
"Message",Normal,"          P/Invoke 'IsValidLocaleName' resolved to 'IsValidLocaleName!api-ms-win-core-localization-l1-2-0.dll' from 'SupportedAPIs.xml'."
"Message",Normal,"          P/Invoke 'ResolveLocaleName' resolved to 'ResolveLocaleName!api-ms-win-core-localization-l1-2-0.dll' from 'SupportedAPIs.xml'."
"Message",Normal,"          P/Invoke 'CertDuplicateCertificateContext' resolved to 'CertDuplicateCertificateContext!crypt32.dll' from 'SupportedAPIs.xml'."
"Message",Normal,"          P/Invoke 'CertGetCertificateContextProperty' resolved to 'CertGetCertificateContextProperty!crypt32.dll' from 'SupportedAPIs.xml'."
"Message",Normal,"          P/Invoke 'GetCPInfoExW' resolved to 'GetCPInfoExW!kernel32.dll' from 'SupportedAPIs.xml'."
"Message",Normal,"          P/Invoke 'CryptQueryObject' resolved to 'CryptQueryObject!crypt32.dll' from 'SupportedAPIs.xml'."
"Message",Normal,"          P/Invoke 'CertDuplicateCertificateContext' resolved to 'CertDuplicateCertificateContext!crypt32.dll' from 'SupportedAPIs.xml'."
"Message",Normal,"          P/Invoke 'CertFreeCertificateContext' resolved to 'CertFreeCertificateContext!crypt32.dll' from 'SupportedAPIs.xml'."
"Message",Normal,"          P/Invoke 'CryptMsgGetParam' resolved to 'CryptMsgGetParam!crypt32.dll' from 'SupportedAPIs.xml'."
"Message",Normal,"          P/Invoke 'CryptMsgGetParam' resolved to 'CryptMsgGetParam!crypt32.dll' from 'SupportedAPIs.xml'."
"Message",Normal,"          P/Invoke 'PFXImportCertStore' resolved to 'PFXImportCertStore!crypt32.dll' from 'SupportedAPIs.xml'."
"Message",Normal,"          P/Invoke 'CryptFindOIDInfo' resolved to 'CryptFindOIDInfo!crypt32.dll' from 'SupportedAPIs.xml'."
"Message",Normal,"          P/Invoke 'CoCreateInstance' with [DllImport(ExactSpelling=true)] resolved to 'api-ms-win-core-com-l1-1-0.dll!CoCreateInstance'."
"Message",Normal,"          P/Invoke 'CertGetCertificateContextProperty' resolved to 'CertGetCertificateContextProperty!crypt32.dll' from 'SupportedAPIs.xml'."
"Message",Normal,"          P/Invoke 'CertCloseStore' resolved to 'CertCloseStore!crypt32.dll' from 'SupportedAPIs.xml'."
"Message",Normal,"          P/Invoke 'CryptMsgClose' resolved to 'CryptMsgClose!crypt32.dll' from 'SupportedAPIs.xml'."
"Message",Normal,"          P/Invoke 'CertFindCertificateInStore' resolved to 'CertFindCertificateInStore!crypt32.dll' from 'SupportedAPIs.xml'."
"Message",Normal,"          P/Invoke 'CryptAcquireContextW' resolved to 'CryptAcquireContextW!advapi32.dll' from 'SupportedAPIs.xml'."
"Message",Normal,"          P/Invoke 'CertEnumCertificatesInStore' resolved to 'CertEnumCertificatesInStore!crypt32.dll' from 'SupportedAPIs.xml'."
"Message",Normal,"          P/Invoke 'WSAGetOverlappedResult' resolved to 'WSAGetOverlappedResult!ws2_32.dll' from 'SupportedAPIs.xml'."
"Message",Normal,"          P/Invoke 'SysFreeString' resolved to 'SysFreeString!OleAut32' from 'SupportedAPIs.xml'."
"Message",Normal,"          P/Invoke 'FormatMessageW' resolved to 'FormatMessageW!kernel32.dll' from 'SupportedAPIs.xml'."
"Message",Normal,"          P/Invoke 'CertGetNameStringW' resolved to 'CertGetNameStringW!crypt32.dll' from 'SupportedAPIs.xml'."
"Message",Normal,"          P/Invoke 'CertGetNameStringW' resolved to 'CertGetNameStringW!crypt32.dll' from 'SupportedAPIs.xml'."
"Message",Normal,"          P/Invoke 'NCryptOpenKey' resolved to 'NCryptOpenKey!ncrypt.dll' from 'SupportedAPIs.xml'."
"Message",Normal,"          P/Invoke 'NCryptDeleteKey' resolved to 'NCryptDeleteKey!ncrypt.dll' from 'SupportedAPIs.xml'."
"Message",Normal,"          P/Invoke 'NCryptOpenStorageProvider' resolved to 'NCryptOpenStorageProvider!ncrypt.dll' from 'SupportedAPIs.xml'."
"Message",Normal,"          P/Invoke 'setsockopt' resolved to 'setsockopt!ws2_32.dll' from 'SupportedAPIs.xml'."
"Message",Normal,"          P/Invoke 'setsockopt' resolved to 'setsockopt!ws2_32.dll' from 'SupportedAPIs.xml'."
"Message",Normal,"          P/Invoke 'CryptGetKeyParam' resolved to 'CryptGetKeyParam!advapi32.dll' from 'SupportedAPIs.xml'."
"Message",Normal,"          P/Invoke 'CryptFindOIDInfo' resolved to 'CryptFindOIDInfo!crypt32.dll' from 'SupportedAPIs.xml'."
"Message",Normal,"          P/Invoke 'GetNetworkParams' resolved to 'GetNetworkParams!iphlpapi.dll' from 'SupportedAPIs.xml'."
"Message",Normal,"          P/Invoke 'LocalAlloc' resolved to 'LocalAlloc!kernel32.dll' from 'SupportedAPIs.xml'."
"Message",Normal,"          P/Invoke 'CertGetCertificateChain' resolved to 'CertGetCertificateChain!crypt32.dll' from 'SupportedAPIs.xml'."
"Message",Normal,"          P/Invoke 'CryptGetDefaultProviderW' resolved to 'CryptGetDefaultProviderW!advapi32.dll' from 'SupportedAPIs.xml'."
"Message",Normal,"          P/Invoke 'CryptAcquireContextW' resolved to 'CryptAcquireContextW!advapi32.dll' from 'SupportedAPIs.xml'."
"Message",Normal,"          P/Invoke 'CryptGetProvParam' resolved to 'CryptGetProvParam!advapi32.dll' from 'SupportedAPIs.xml'."
"Message",Normal,"          P/Invoke 'CryptGetUserKey' resolved to 'CryptGetUserKey!advapi32.dll' from 'SupportedAPIs.xml'."
"Message",Normal,"          P/Invoke 'CertVerifyCertificateChainPolicy' resolved to 'CertVerifyCertificateChainPolicy!crypt32.dll' from 'SupportedAPIs.xml'."
"Message",Normal,"          P/Invoke 'LocalFree' resolved to 'LocalFree!kernel32.dll' from 'SupportedAPIs.xml'."
"Message",Normal,"          P/Invoke 'CertNameToStrW' resolved to 'CertNameToStrW!crypt32.dll' from 'SupportedAPIs.xml'."
"Message",Normal,"          P/Invoke 'CryptFormatObject' resolved to 'CryptFormatObject!crypt32.dll' from 'SupportedAPIs.xml'."
"Message",Normal,"          P/Invoke 'CertAddCertificateLinkToStore' resolved to 'CertAddCertificateLinkToStore!crypt32.dll' from 'SupportedAPIs.xml'."
"Message",Normal,"          P/Invoke 'FormatMessageW' resolved to 'FormatMessageW!kernel32.dll' from 'SupportedAPIs.xml'."
"Message",Normal,"          P/Invoke 'CryptDestroyKey' resolved to 'CryptDestroyKey!advapi32.dll' from 'SupportedAPIs.xml'."
"Message",Normal,"          P/Invoke 'NCryptFreeObject' resolved to 'NCryptFreeObject!ncrypt.dll' from 'SupportedAPIs.xml'."
"Message",Normal,"          P/Invoke 'CryptFormatObject' resolved to 'CryptFormatObject!crypt32.dll' from 'SupportedAPIs.xml'."
"Message",Normal,"          P/Invoke 'CertOpenStore' resolved to 'CertOpenStore!crypt32.dll' from 'SupportedAPIs.xml'."
"Message",Normal,"          P/Invoke 'CryptImportPublicKeyInfoEx2' resolved to 'CryptImportPublicKeyInfoEx2!crypt32.dll' from 'SupportedAPIs.xml'."
"Message",Normal,"          P/Invoke 'BCryptExportKey' resolved to 'BCryptExportKey!BCrypt.dll' from 'SupportedAPIs.xml'."
"Message",Normal,"          P/Invoke 'CryptDecodeObject' resolved to 'CryptDecodeObject!crypt32.dll' from 'SupportedAPIs.xml'."
"Message",Normal,"          P/Invoke 'CertFreeCertificateChain' resolved to 'CertFreeCertificateChain!crypt32.dll' from 'SupportedAPIs.xml'."
"Message",Normal,"          P/Invoke 'CryptReleaseContext' resolved to 'CryptReleaseContext!advapi32.dll' from 'SupportedAPIs.xml'."
"Message",Normal,"          P/Invoke 'FormatMessageW' resolved to 'FormatMessageW!kernel32.dll' from 'SupportedAPIs.xml'."
"Message",Normal,"          P/Invoke 'FormatMessageW' resolved to 'FormatMessageW!kernel32.dll' from 'SupportedAPIs.xml'."
"Message",Normal,"          P/Invoke 'BCryptGetProperty' resolved to 'BCryptGetProperty!BCrypt.dll' from 'SupportedAPIs.xml'."
"Message",Normal,"          P/Invoke 'NCryptImportKey' resolved to 'NCryptImportKey!ncrypt.dll' from 'SupportedAPIs.xml'."
"Message",Normal,"          P/Invoke 'NCryptGetProperty' resolved to 'NCryptGetProperty!ncrypt.dll' from 'SupportedAPIs.xml'."
"Message",Normal,"          P/Invoke 'CryptImportKey' resolved to 'CryptImportKey!advapi32.dll' from 'SupportedAPIs.xml'."
"Message",Normal,"          P/Invoke 'CryptSetProvParam' resolved to 'CryptSetProvParam!advapi32.dll' from 'SupportedAPIs.xml'."
"Message",Normal,"          P/Invoke 'CryptSetProvParam' resolved to 'CryptSetProvParam!advapi32.dll' from 'SupportedAPIs.xml'."
"Message",Normal,"          P/Invoke 'getsockname' resolved to 'getsockname!ws2_32.dll' from 'SupportedAPIs.xml'."
"Message",Normal,"          P/Invoke 'getpeername' resolved to 'getpeername!ws2_32.dll' from 'SupportedAPIs.xml'."
"Message",Normal,"          P/Invoke 'BCryptDestroyKey' resolved to 'BCryptDestroyKey!BCrypt.dll' from 'SupportedAPIs.xml'."
"Message",Normal,"          P/Invoke 'WSAStartup' resolved to 'WSAStartup!ws2_32.dll' from 'SupportedAPIs.xml'."
"Message",Normal,"          P/Invoke 'FormatMessageW' resolved to 'FormatMessageW!kernel32.dll' from 'SupportedAPIs.xml'."
"Message",Normal,"          P/Invoke 'NCryptSetProperty' resolved to 'NCryptSetProperty!ncrypt.dll' from 'SupportedAPIs.xml'."
"Message",Normal,"          P/Invoke 'CryptDecodeObject' resolved to 'CryptDecodeObject!crypt32.dll' from 'SupportedAPIs.xml'."
"Message",Normal,"          P/Invoke 'select' resolved to 'select!ws2_32.dll' from 'SupportedAPIs.xml'."
"Message",Normal,"          P/Invoke 'select' resolved to 'select!ws2_32.dll' from 'SupportedAPIs.xml'."
"Message",Normal,"          P/Invoke 'ioctlsocket' resolved to 'ioctlsocket!ws2_32.dll' from 'SupportedAPIs.xml'."
"Message",Normal,"          P/Invoke 'shutdown' resolved to 'shutdown!ws2_32.dll' from 'SupportedAPIs.xml'."
"Message",Normal,"          P/Invoke 'setsockopt' resolved to 'setsockopt!ws2_32.dll' from 'SupportedAPIs.xml'."
"Message",Normal,"          P/Invoke 'recv' resolved to 'recv!ws2_32.dll' from 'SupportedAPIs.xml'."
"Message",Normal,"          P/Invoke 'CertControlStore' resolved to 'CertControlStore!crypt32.dll' from 'SupportedAPIs.xml'."
"Message",Normal,"          P/Invoke 'gethostbyname' resolved to 'gethostbyname!ws2_32.dll' from 'SupportedAPIs.xml'."
"Message",Normal,"          P/Invoke 'WSAIoctl' resolved to 'WSAIoctl!ws2_32.dll' from 'SupportedAPIs.xml'."
"Message",Normal,"          P/Invoke 'RoGetBufferMarshaler' resolved to 'RoGetBufferMarshaler!api-ms-win-core-winrt-robuffer-l1-1-0.dll' from 'SupportedAPIs.xml'."
"Message",Normal,"          P/Invoke 'RevertToSelf' resolved to 'RevertToSelf!advapi32.dll' from 'SupportedAPIs.xml'."
"Message",Normal,"          P/Invoke 'ImpersonateLoggedOnUser' resolved to 'ImpersonateLoggedOnUser!advapi32.dll' from 'SupportedAPIs.xml'."
"Message",Normal,"          P/Invoke 'CryptFindOIDInfo' resolved to 'CryptFindOIDInfo!crypt32.dll' from 'SupportedAPIs.xml'."
"Message",Normal,"          P/Invoke 'CryptGenKey' resolved to 'CryptGenKey!advapi32.dll' from 'SupportedAPIs.xml'."
"Message",Normal,"          P/Invoke 'GetAddrInfoW' resolved to 'GetAddrInfoW!ws2_32.dll' from 'SupportedAPIs.xml'."
"Message",Normal,"          P/Invoke 'WSASocketW' resolved to 'WSASocketW!ws2_32.dll' from 'SupportedAPIs.xml'."
"Message",Normal,"          P/Invoke 'closesocket' resolved to 'closesocket!ws2_32.dll' from 'SupportedAPIs.xml'."
"Message",Normal,"          P/Invoke 'WSASocketW' resolved to 'WSASocketW!ws2_32.dll' from 'SupportedAPIs.xml'."
"Message",Normal,"          P/Invoke 'WSAConnect' resolved to 'WSAConnect!ws2_32.dll' from 'SupportedAPIs.xml'."
"Message",Normal,"          P/Invoke 'listen' resolved to 'listen!ws2_32.dll' from 'SupportedAPIs.xml'."
"Message",Normal,"          P/Invoke 'WSASocketW' resolved to 'WSASocketW!ws2_32.dll' from 'SupportedAPIs.xml'."
"Message",Normal,"          P/Invoke 'closesocket' resolved to 'closesocket!ws2_32.dll' from 'SupportedAPIs.xml'."
"Message",Normal,"          P/Invoke 'gethostname' resolved to 'gethostname!ws2_32.dll' from 'SupportedAPIs.xml'."
"Message",Normal,"          P/Invoke 'GetCurrentThread' resolved to 'GetCurrentThread!kernel32.dll' from 'SupportedAPIs.xml'."
"Message",Normal,"          P/Invoke 'OpenThreadToken' resolved to 'OpenThreadToken!advapi32.dll' from 'SupportedAPIs.xml'."
"Message",Normal,"          P/Invoke 'GetCurrentProcess' resolved to 'GetCurrentProcess!kernel32.dll' from 'SupportedAPIs.xml'."
"Message",Normal,"          P/Invoke 'OpenProcessToken' resolved to 'OpenProcessToken!advapi32.dll' from 'SupportedAPIs.xml'."
"Message",Normal,"          P/Invoke 'BCryptCreateHash' resolved to 'BCryptCreateHash!BCrypt.dll' from 'SupportedAPIs.xml'."
"Message",Normal,"          P/Invoke 'BCryptGetProperty' resolved to 'BCryptGetProperty!BCrypt.dll' from 'SupportedAPIs.xml'."
"Message",Normal,"          P/Invoke 'bind' resolved to 'bind!ws2_32.dll' from 'SupportedAPIs.xml'."
"Message",Normal,"          P/Invoke 'getsockopt' resolved to 'getsockopt!ws2_32.dll' from 'SupportedAPIs.xml'."
"Message",Normal,"          P/Invoke 'CertFindExtension' resolved to 'CertFindExtension!crypt32.dll' from 'SupportedAPIs.xml'."
"Message",Normal,"          P/Invoke 'CertGetValidUsages' resolved to 'CertGetValidUsages!crypt32.dll' from 'SupportedAPIs.xml'."
"Message",Normal,"          P/Invoke 'CertGetIntendedKeyUsage' resolved to 'CertGetIntendedKeyUsage!crypt32.dll' from 'SupportedAPIs.xml'."
"Message",Normal,"          P/Invoke 'CloseHandle' resolved to 'CloseHandle!kernel32.dll' from 'SupportedAPIs.xml'."
"Message",Normal,"          P/Invoke 'freeaddrinfo' resolved to 'freeaddrinfo!ws2_32.dll' from 'SupportedAPIs.xml'."
"Message",Normal,"          P/Invoke 'BCryptOpenAlgorithmProvider' resolved to 'BCryptOpenAlgorithmProvider!BCrypt.dll' from 'SupportedAPIs.xml'."
"Message",Normal,"          P/Invoke 'getsockopt' resolved to 'getsockopt!ws2_32.dll' from 'SupportedAPIs.xml'."
"Message",Normal,"          P/Invoke 'getsockopt' resolved to 'getsockopt!ws2_32.dll' from 'SupportedAPIs.xml'."
"Message",Normal,"          P/Invoke 'getsockopt' resolved to 'getsockopt!ws2_32.dll' from 'SupportedAPIs.xml'."
"Message",Normal,"          P/Invoke 'send' resolved to 'send!ws2_32.dll' from 'SupportedAPIs.xml'."
"Message",Normal,"          P/Invoke 'CertVerifyTimeValidity' resolved to 'CertVerifyTimeValidity!crypt32.dll' from 'SupportedAPIs.xml'."
"Message",Normal,"          P/Invoke 'ioctlsocket' resolved to 'ioctlsocket!ws2_32.dll' from 'SupportedAPIs.xml'."
"Message",Normal,"          P/Invoke 'setsockopt' resolved to 'setsockopt!ws2_32.dll' from 'SupportedAPIs.xml'."
"Message",Normal,"          P/Invoke 'BCryptCloseAlgorithmProvider' resolved to 'BCryptCloseAlgorithmProvider!BCrypt.dll' from 'SupportedAPIs.xml'."
"Message",Normal,"          P/Invoke 'BCryptDestroyHash' resolved to 'BCryptDestroyHash!BCrypt.dll' from 'SupportedAPIs.xml'."
"Message",Normal,"          P/Invoke 'LsaGetLogonSessionData' resolved to 'LsaGetLogonSessionData!sspicli.dll' from 'SupportedAPIs.xml'."
"Message",Normal,"          P/Invoke 'WSARecv' resolved to 'WSARecv!ws2_32.dll' from 'SupportedAPIs.xml'."
"Message",Normal,"          P/Invoke 'WSASend' resolved to 'WSASend!ws2_32.dll' from 'SupportedAPIs.xml'."
"Message",Normal,"          P/Invoke 'LsaNtStatusToWinError' resolved to 'LsaNtStatusToWinError!advapi32.dll' from 'SupportedAPIs.xml'."
"Message",Normal,"          P/Invoke 'DuplicateTokenEx' resolved to 'DuplicateTokenEx!advapi32.dll' from 'SupportedAPIs.xml'."
"Message",Normal,"          P/Invoke 'CheckTokenMembershipEx' resolved to 'CheckTokenMembershipEx!kernel32.dll' from 'SupportedAPIs.xml'."
"Message",Normal,"          P/Invoke 'LsaFreeReturnBuffer' resolved to 'LsaFreeReturnBuffer!sspicli.dll' from 'SupportedAPIs.xml'."
"Message",Normal,"          P/Invoke 'accept' resolved to 'accept!ws2_32.dll' from 'SupportedAPIs.xml'."
"Message",Normal,"          P/Invoke 'GetTokenInformation' resolved to 'GetTokenInformation!advapi32.dll' from 'SupportedAPIs.xml'."
"Message",Normal,"          P/Invoke 'LocalAlloc' resolved to 'LocalAlloc!kernel32.dll' from 'SupportedAPIs.xml'."
"Message",Normal,"          P/Invoke 'LocalFree' resolved to 'LocalFree!kernel32.dll' from 'SupportedAPIs.xml'."
"Message",Normal,"          P/Invoke 'GetNameInfoW' resolved to 'GetNameInfoW!ws2_32.dll' from 'SupportedAPIs.xml'."
"Message",Normal,"          P/Invoke 'gethostbyaddr' resolved to 'gethostbyaddr!ws2_32.dll' from 'SupportedAPIs.xml'."
"Message",Normal,"          P/Invoke 'SetFileCompletionNotificationModes' resolved to 'SetFileCompletionNotificationModes!kernel32.dll' from 'SupportedAPIs.xml'."
"Message",Normal,"          P/Invoke 'CertEnumCertificatesInStore' resolved to 'CertEnumCertificatesInStore!crypt32.dll' from 'SupportedAPIs.xml'."
"Message",Normal,"          P/Invoke 'CertVerifyCertificateChainPolicy' resolved to 'CertVerifyCertificateChainPolicy!crypt32.dll' from 'SupportedAPIs.xml'."
"Message",Normal,"          P/Invoke 'LsaLookupSids' resolved to 'LsaLookupSids!advapi32.dll' from 'SupportedAPIs.xml'."
"Message",Normal,"          P/Invoke 'LsaLookupNames2' resolved to 'LsaLookupNames2!advapi32.dll' from 'SupportedAPIs.xml'."
"Message",Normal,"          P/Invoke 'LsaOpenPolicy' resolved to 'LsaOpenPolicy!advapi32.dll' from 'SupportedAPIs.xml'."
"Message",Normal,"          P/Invoke 'LsaClose' resolved to 'LsaClose!advapi32.dll' from 'SupportedAPIs.xml'."
"Message",Normal,"          P/Invoke 'LsaFreeMemory' resolved to 'LsaFreeMemory!advapi32.dll' from 'SupportedAPIs.xml'."
"Message",Normal,"          P/Invoke 'CertFreeCertificateContext' resolved to 'CertFreeCertificateContext!crypt32.dll' from 'SupportedAPIs.xml'."
"Message",Normal,"          P/Invoke 'EncryptMessage' resolved to 'EncryptMessage!sspicli.dll' from 'SupportedAPIs.xml'."
"Message",Normal,"          P/Invoke 'DecryptMessage' resolved to 'DecryptMessage!sspicli.dll' from 'SupportedAPIs.xml'."
"Message",Normal,"          P/Invoke 'EnumerateSecurityPackagesW' resolved to 'EnumerateSecurityPackagesW!sspicli.dll' from 'SupportedAPIs.xml'."
"Message",Normal,"          P/Invoke 'ApplyControlToken' resolved to 'ApplyControlToken!sspicli.dll' from 'SupportedAPIs.xml'."
"Message",Normal,"          P/Invoke 'FreeContextBuffer' resolved to 'FreeContextBuffer!sspicli.dll' from 'SupportedAPIs.xml'."
"Message",Normal,"          P/Invoke 'AcceptSecurityContext' resolved to 'AcceptSecurityContext!sspicli.dll' from 'SupportedAPIs.xml'."
"Message",Normal,"          P/Invoke 'DeleteSecurityContext' resolved to 'DeleteSecurityContext!sspicli.dll' from 'SupportedAPIs.xml'."
"Message",Normal,"          P/Invoke 'InitializeSecurityContextW' resolved to 'InitializeSecurityContextW!sspicli.dll' from 'SupportedAPIs.xml'."
"Message",Normal,"          P/Invoke 'QueryContextAttributesW' resolved to 'QueryContextAttributesW!sspicli.dll' from 'SupportedAPIs.xml'."
"Message",Normal,"          P/Invoke 'AcquireCredentialsHandleW' resolved to 'AcquireCredentialsHandleW!sspicli.dll' from 'SupportedAPIs.xml'."
"Message",Normal,"          P/Invoke 'FreeCredentialsHandle' resolved to 'FreeCredentialsHandle!sspicli.dll' from 'SupportedAPIs.xml'."
"Message",High,"  Generating code..."
"Message",High,"  Interop code generated."
"Message",Normal,"  Written code to AssemblyInfo.g.cs"
"Message",Normal,"  Written code to Adapters.g.cs"
"Message",Normal,"  Written code to Data.g.cs"
"Message",Normal,"  Written code to Helpers.g.cs"
"Message",Normal,"  Written code to ImplTypes.g.cs"
"Message",Normal,"  Written code to PInvoke.g.cs"
"Message",Normal,"  Written code to SafeTypes.g.cs"
"Message",Normal,"  Written code to SharedStubs.g.cs"
"Message",Normal,"Running 'GenerateCodeAndCompile' transform, heap at 306 MB."
"Message",High,"Generating serialization code"
"Message",High,"Compiling interop code"
"Message",Normal,"Compiling generated source code: C:\Users\ckara\.nuget\packages\microsoft.net.native.compiler\2.0.0\tools\csc\csc.exe /noconfig @""C:\Users\ckara\source\repos\SOM\dotnet\TestEnv1\obj\x86\Release\ilc\intermediate\TestEnv1.McgInterop.rsp"""
"Message",High,"Generating System.Reflection.DispatchProxy proxy code."
"Message",Normal,"Running 'ReducedCopyInitialize' transform, heap at 307 MB."
"Message",Normal,"Running 'ReducedCopyEmptyTypes' transform, heap at 336 MB."
"Message",Normal,"Running 'ReducedCopyPopulateTypes' transform, heap at 340 MB."
"Warning",,0,0,"ILTransform : warning ILT0005: Type 'System.Reflection.Emit.TypeBuilder' from assembly 'System.Reflection.Emit' was not included in compilation, but was referenced in method 'CustomTypeBuilderExtensions.CreateType(TypeBuilder)'. There may have been a missing assembly, or a dependency on a more recent Windows SDK release."
"Warning",,0,0,"ILTransform : warning ILT0005: Type 'System.Reflection.Emit.AssemblyBuilder' from assembly 'System.Reflection.Emit' was not included in compilation, but was referenced in method 'AssemblyBuilderFactory.DefineDynamicAssembly(AssemblyName, AssemblyBuilderAccess)'. There may have been a missing assembly, or a dependency on a more recent Windows SDK release."
"Warning",,0,0,"ILTransform : warning ILT0005: Type 'System.Reflection.Emit.AssemblyBuilderAccess' from assembly 'System.Reflection.Emit' was not included in compilation, but was referenced in method 'AssemblyBuilderFactory.DefineDynamicAssembly(AssemblyName, AssemblyBuilderAccess)'. There may have been a missing assembly, or a dependency on a more recent Windows SDK release."
"Warning",,0,0,"ILTransform : warning ILT0005: Type 'System.Reflection.Emit.ModuleBuilder' from assembly 'System.Reflection.Emit' was not included in compilation, but was referenced in type 'System.Linq.Dynamic.Core.DynamicClassFactory'. There may have been a missing assembly, or a dependency on a more recent Windows SDK release."
"Warning",,0,0,"ILTransform : warning ILT0005: Type 'System.Reflection.Emit.CustomAttributeBuilder' from assembly 'System.Reflection.Emit.ILGeneration' was not included in compilation, but was referenced in type 'System.Linq.Dynamic.Core.DynamicClassFactory'. There may have been a missing assembly, or a dependency on a more recent Windows SDK release."
"Warning",,0,0,"ILTransform : warning ILT0005: Type 'System.Reflection.Emit.GenericTypeParameterBuilder' from assembly 'System.Reflection.Emit' was not included in compilation, but was referenced in type 'System.Linq.Dynamic.Core.DynamicClassFactory+<>c'. There may have been a missing assembly, or a dependency on a more recent Windows SDK release."
"Message",Normal,"Running 'ReducedCopyLateMetadata' transform, heap at 248 MB."
"Message",Normal,"Running 'ReducedCopyPassResourcesToMutableAssembly' transform, heap at 268 MB."
"Message",Normal,"Running 'ReducedCopyMethodBodies' transform, heap at 269 MB."
"Warning",,0,0,"ILTransform : warning ILT0003: Method 'CustomTypeBuilderExtensions.CreateType(TypeBuilder)' will always throw an exception due to the missing method 'TypeBuilder.CreateTypeInfo()' in assembly 'System.Reflection.Emit'. There may have been a missing assembly, or a dependency on a more recent Windows SDK release."
"Warning",,0,0,"ILTransform : warning ILT0003: Method 'AssemblyBuilderFactory.DefineDynamicAssembly(AssemblyName, AssemblyBuilderAccess)' will always throw an exception due to the missing method 'AssemblyBuilder.DefineDynamicAssembly(AssemblyName, AssemblyBuilderAccess)' in assembly 'System.Reflection.Emit'. There may have been a missing assembly, or a dependency on a more recent Windows SDK release."
"Warning",,0,0,"ILTransform : warning ILT0003: Method 'DynamicClassFactory..cctor()' will always throw an exception due to the missing method 'CustomAttributeBuilder..ctor(ConstructorInfo, object[])' in assembly 'System.Reflection.Emit.ILGeneration'. There may have been a missing assembly, or a dependency on a more recent Windows SDK release."
"Warning",,0,0,"ILTransform : warning ILT0005: Type 'System.Reflection.Emit.FieldBuilder' from assembly 'System.Reflection.Emit' was not included in compilation, but was referenced in method 'DynamicClassFactory.CreateType(IList<DynamicProperty>, bool)'. There may have been a missing assembly, or a dependency on a more recent Windows SDK release."
"Warning",,0,0,"ILTransform : warning ILT0005: Type 'System.Reflection.Emit.ILGenerator' from assembly 'System.Reflection.Emit.ILGeneration' was not included in compilation, but was referenced in method 'DynamicClassFactory.CreateType(IList<DynamicProperty>, bool)'. There may have been a missing assembly, or a dependency on a more recent Windows SDK release."
"Warning",,0,0,"ILTransform : warning ILT0005: Type 'System.Reflection.Emit.Label' from assembly 'System.Reflection.Emit.ILGeneration' was not included in compilation, but was referenced in method 'DynamicClassFactory.CreateType(IList<DynamicProperty>, bool)'. There may have been a missing assembly, or a dependency on a more recent Windows SDK release."
"Warning",,0,0,"ILTransform : warning ILT0005: Type 'System.Reflection.Emit.PropertyBuilder' from assembly 'System.Reflection.Emit' was not included in compilation, but was referenced in method 'DynamicClassFactory.CreateType(IList<DynamicProperty>, bool)'. There may have been a missing assembly, or a dependency on a more recent Windows SDK release."
"Warning",,0,0,"ILTransform : warning ILT0005: Type 'System.Reflection.Emit.MethodBuilder' from assembly 'System.Reflection.Emit' was not included in compilation, but was referenced in method 'DynamicClassFactory.CreateType(IList<DynamicProperty>, bool)'. There may have been a missing assembly, or a dependency on a more recent Windows SDK release."
"Warning",,0,0,"ILTransform : warning ILT0005: Type 'System.Reflection.Emit.ConstructorBuilder' from assembly 'System.Reflection.Emit' was not included in compilation, but was referenced in method 'DynamicClassFactory.CreateType(IList<DynamicProperty>, bool)'. There may have been a missing assembly, or a dependency on a more recent Windows SDK release."
"Warning",,0,0,"ILTransform : warning ILT0003: Method 'DynamicClassFactory.CreateType(IList<DynamicProperty>, bool)' will always throw an exception due to the missing method 'ModuleBuilder.DefineType(string, TypeAttributes, Type)' in assembly 'System.Reflection.Emit'. There may have been a missing assembly, or a dependency on a more recent Windows SDK release."
"Message",Normal,"Running 'ReducedCopyComplete' transform, heap at 311 MB."
"Message",Normal,"Running 'ReducedCopyCleanup' transform, heap at 359 MB."
"Message",Normal,"Running 'DeveloperExperienceModeOnlyCodeRemover' transform, heap at 359 MB."
"Message",Normal,"Running 'ComImportDetector' transform, heap at 359 MB."
"Message",Normal,"Running 'McgAccessor' transform, heap at 359 MB."
"Message",Normal,"Running 'McgRedirect' transform, heap at 361 MB."
"Message",Normal,"Running 'McgRedirect' transform, heap at 365 MB."
"Message",Normal,"Running 'McgTypeOf' transform, heap at 366 MB."
"Message",Normal,"Running 'EventSource' transform, heap at 373 MB."
"Message",Normal,"Running 'ValueType' transform, heap at 374 MB."
"Message",Normal,"Running 'Attribute' transform, heap at 374 MB."
"Message",Normal,"Running 'GetType' transform, heap at 374 MB."
"Message",Normal,"Running 'McgFixups' transform, heap at 376 MB."
"Message",Normal,"Running 'ResourceManagerCtor' transform, heap at 376 MB."
"Message",Normal,"Running 'TypeofTypeHandle' transform, heap at 377 MB."
"Message",Normal,"Running 'DispatchProxyIntrinsics' transform, heap at 381 MB."
"Message",Normal,"Running 'StaticInitData' transform, heap at 381 MB."
"Message",Normal,"Running 'Delegate' transform, heap at 322 MB."
"Message",Normal,"Running 'LazyGenerics' transform, heap at 323 MB."
"Message",Normal,"Running 'AddReflectionBlockedAttributes' transform, heap at 347 MB."
"Message",Normal,"Running 'DisableOptimization' transform, heap at 347 MB."
"Message",Normal,"Running 'ResourceExtractor' transform, heap at 347 MB."
"Message",Normal,"Running 'CreateMetadata' transform, heap at 348 MB."
"Message",Normal,"Running 'StartupCodeInjector' transform, heap at 390 MB."
"Message",Normal,"Running 'SaveRVAStatics' transform, heap at 390 MB."
"Message",Normal,"Running 'ReflectionInvoke' transform, heap at 391 MB."
"Message",Normal,"Running 'ScrubOpenCalls' transform, heap at 394 MB."
"Message",Normal,"Running 'ConvertCatchIntoFilter' transform, heap at 394 MB."
"Message",Normal,"Running 'ReflectionMappingInfoEmit' transform, heap at 394 MB."
"Message",Normal,"Running 'ReflectionIntrinsics' transform, heap at 397 MB."
"Message",Normal,"Running 'ConvertManagedWinMD' transform, heap at 397 MB."
"Message",Normal,"Running 'DebuggerGuidedStepThroughJmc' transform, heap at 397 MB."
"Message",Normal,"Running 'Reducer' transform, heap at 401 MB."
"Message",High,"Cleaning up unreferenced code"
"Message",Normal,"Running 'WriteAssemblies' transform, heap at 437 MB."
"Message",Normal,""
"Message",Normal,"Transform summary"
"Message",Normal,"    ms | heap delta | name"
"Message",Normal," 12172 |        255 | Analysis"
"Message",Normal,"  3965 |       -233 | WriteAssemblies"
"Message",Normal,"  2901 |          1 | GenerateCodeAndCompile"
"Message",Normal,"  2282 |         29 | ReducedCopyInitialize"
"Message",Normal,"  2205 |         36 | Reducer"
"Message",Normal,"   849 |         38 | Mcg"
"Message",Normal,"   571 |         48 | ReducedCopyComplete"
"Message",Normal,"   482 |          1 | ResourceExtractor"
"Message",Normal,"   434 |        -47 | DumpNativeResources"
"Message",Normal,"   410 |         42 | CreateMetadata"
"Message",Normal,"   336 |        -92 | ReducedCopyPopulateTypes"
"Message",Normal,"   329 |         42 | ReducedCopyMethodBodies"
"Message",Normal,"   166 |         24 | LazyGenerics"
"Message",Normal,"   162 |        -59 | StaticInitData"
"Message",Normal,"   135 |          4 | McgRedirect"
"Message",Normal,"   132 |          7 | McgTypeOf"
"Message",Normal,"   129 |         20 | ReducedCopyLateMetadata"
"Message",Normal,"    74 |          1 | McgRedirect"
"Message",Normal,"    61 |          4 | TypeofTypeHandle"
"Message",Normal,"    27 |          2 | GetType"
"Message",Normal,"    27 |          1 | SaveRVAStatics"
"Message",Normal,"    23 |          4 | ReducedCopyEmptyTypes"
"Message",Normal,"    17 |          4 | DebuggerGuidedStepThroughJmc"
"Message",Normal,"    14 |          0 | ScrubOpenCalls"
"Message",Normal,"    13 |          0 | DispatchProxyIntrinsics"
"Message",Normal,"    12 |          3 | ReflectionInvoke"
"Message",Normal,"    11 |          0 | ReflectionIntrinsics"
"Message",Normal,"     9 |          2 | McgAccessor"
"Message",Normal,"     9 |          0 | McgFixups"
"Message",Normal,"     8 |          0 | ReducedCopyCleanup"
"Message",Normal,"     6 |          0 | ConvertCatchIntoFilter"
"Message",Normal,"     6 |          3 | ReflectionMappingInfoEmit"
"Message",Normal,"     5 |          1 | Delegate"
"Message",Normal,"     4 |          0 | Attribute"
"Message",Normal,"     4 |          1 | EventSource"
"Message",Normal,"     3 |          1 | ReducedCopyPassResourcesToMutableAssembly"
"Message",Normal,"     2 |          0 | AddReflectionBlockedAttributes"
"Message",Normal,"     1 |          0 | ValueType"
"Message",Normal,"     0 |          0 | ComImportDetector"
"Message",Normal,"     0 |          0 | DisableOptimization"
"Message",Normal,"     0 |          1 | ResourceManagerCtor"
"Message",Normal,"     0 |          0 | StartupCodeInjector"
"Message",Normal,"     0 |          0 | DeveloperExperienceModeOnlyCodeRemover"
"Message",Normal,"     0 |          0 | ConvertManagedWinMD"
"Message",Low,"Done executing task ""RunILTransforms""."
"Message",Low,"Done building target ""RunILTransforms"" in file ""ILTransforms""."
"Message",Low,"Done building project ""ILTransforms""."
"Message",Low,""
"Message",Low,""
"Message",Low,"Done building target ""GenerateMDIL"" in file ""Nutc""."
"Message",Low,""
"Message",High,"Generating native code"
"Message",Low,"Done building target ""MDILPrepareMultiFile"" in file ""Nutc""."
"Message",Low,""
"Message",Low,"Done building target ""SetBinaryForReferences"" in file ""Nutc""."
"Message",Low,""
"Message",Low,"Task ""GenerateMDILGlobalAnalysis"""
"Message",Normal,"Launching 'C:\Users\ckara\.nuget\packages\microsoft.net.native.compiler\2.0.0\tools\x86\ilc\Tools\nutc_driver.exe @""C:\Users\ckara\source\repos\SOM\dotnet\TestEnv1\obj\x86\Release\ilc\intermediate\MDIL\TestEnv1.rsp""'"
"Message",Low,"Microsoft (R) MDIL Compiler - Version 2.0.25710.01"
"Message",Low,"Copyright (c) Microsoft Corporation.  All rights reserved."
"Message",Low,"Scanning input types"
"Message",Low,"Scanning 12330 methods."
"Message",Low,"Scanning 4695 methods."
"Message",Low,"Scanning 3452 methods."
"Message",Low,"Scanning 3320 methods."
"Message",Low,"Scanning 1972 methods."
"Message",Low,"Scanning 3559 methods."
"Message",Low,"Scanning 2551 methods."
"Message",Low,"Scanning 1572 methods."
"Message",Low,"Scanning 1295 methods."
"Message",Low,"Scanning 885 methods."
"Message",Low,"Scanning 554 methods."
"Message",Low,"Scanning 293 methods."
"Message",Low,"Scanning 334 methods."
"Message",Low,"Scanning 259 methods."
"Message",Low,"Scanning 389 methods."
"Message",Low,"Scanning 400 methods."
"Message",Low,"Scanning 240 methods."
"Message",Low,"Scanning 116 methods."
"Message",Low,"Scanning 41 methods."
"Message",Low,"Scanning 15 methods."
"Message",Low,"Scanning 1 methods."
"Message",Low,"Scanning 5 methods."
"Message",Low,"Eager code generation"
"Message",Low,"Compiling 38278 methods."
"Message",Low,"Deferred code generation"
"Message",Low,"Compiling 24 methods."
"Message",Low,"Compiling 2 methods."
"Message",Low,"Compiling 8 methods."
"Message",Low,"Call to managed method Initialize succeeded; exit code: 0 while generating CTL.Stack trace metadata statistics"
"Message",Low,"Number of methods emitted:   19779"
"Message",Low,"Metadata blob size:          410243"
"Message",Low,"Method RVA - token map size: 158232"
"Message",Low,"Total native size:           568475"
"Message",Low,"Successfully generated 'C:\Users\ckara\source\repos\SOM\dotnet\TestEnv1\obj\x86\Release\ilc\intermediate\MDIL\TestEnv1.mdilexe'"
"Message",Low,"Successfully generated 'C:\Users\ckara\source\repos\SOM\dotnet\TestEnv1\obj\x86\Release\ilc\intermediate\MDIL\TestEnv1.mdilpdb'"
"Message",Low,"Compiled to MDIL code."
"Message",Normal,"'C:\Users\ckara\.nuget\packages\microsoft.net.native.compiler\2.0.0\tools\x86\ilc\Tools\nutc_driver.exe @""C:\Users\ckara\source\repos\SOM\dotnet\TestEnv1\obj\x86\Release\ilc\intermediate\MDIL\TestEnv1.rsp""' completed."
"Message",Normal,"Process execution statistics (all times in milliseconds)"
"Message",Normal,"-----------------------------------------------------------------------------"
"Message",Normal,"launch  |  start   |   stop   |   end    | duration | lifetime | [slot] name"
"Message",Normal,"-----------------------------------------------------------------------------"
"Message",Normal,"       0 |        0 |    26016 |    26016 |    26016 |    26016 | [0] Nutc GlobalAnalysis"
"Message",Normal,"Number of commands:      1"
"Message",Normal,"Total system time:       26016 ms"
"Message",Normal,"System time per command: 26016 ms"
"Message",Normal,"Total duration:          26016 ms"
"Message",Normal,"Total lifetime:          26016 ms"
"Message",Normal,"Requested DOP:           12"
"Message",Normal,"Duration DOP:            1.0"
"Message",Normal,"Lifetime DOP:            1.0"
"Message",Low,"Done executing task ""GenerateMDILGlobalAnalysis""."
"Message",Low,"Done building target ""GenerateMDILGlobalAnalysis"" in file ""Nutc""."
"Message",Low,""
"Message",Low,"Task ""rc"""
"Message",Normal,"Launching 'C:\Program Files (x86)\Windows Kits\10\bin\10.0.16299.0\x64\rc.exe /c ""65001"" /r /fo ""C:\Users\ckara\source\repos\SOM\dotnet\TestEnv1\obj\x86\Release\ilc\intermediate\BuildInfo\BuildInfo.res"" ""C:\Users\ckara\source\repos\SOM\dotnet\TestEnv1\obj\x86\Release\ilc\intermediate\BuildInfo\BuildInfo.rc""'"
"Message",Low,"Microsoft (R) Windows (R) Resource Compiler Version 10.0.10011.16384"
"Message",Low,"Copyright (C) Microsoft Corporation.  All rights reserved."
"Message",Normal,"'C:\Program Files (x86)\Windows Kits\10\bin\10.0.16299.0\x64\rc.exe /c ""65001"" /r /fo ""C:\Users\ckara\source\repos\SOM\dotnet\TestEnv1\obj\x86\Release\ilc\intermediate\BuildInfo\BuildInfo.res"" ""C:\Users\ckara\source\repos\SOM\dotnet\TestEnv1\obj\x86\Release\ilc\intermediate\BuildInfo\BuildInfo.rc""' completed."
"Message",Normal,"Process execution statistics (all times in milliseconds)"
"Message",Normal,"-----------------------------------------------------------------------------"
"Message",Normal,"launch  |  start   |   stop   |   end    | duration | lifetime | [slot] name"
"Message",Normal,"-----------------------------------------------------------------------------"
"Message",Normal,"       0 |       47 |      172 |      172 |      125 |      172 | [0] rc"
"Message",Normal,"Number of commands:      1"
"Message",Normal,"Total system time:       172 ms"
"Message",Normal,"System time per command: 172 ms"
"Message",Normal,"Total duration:          125 ms"
"Message",Normal,"Total lifetime:          172 ms"
"Message",Normal,"Requested DOP:           12"
"Message",Normal,"Duration DOP:            0.7"
"Message",Normal,"Lifetime DOP:            1.0"
"Message",Low,"Done executing task ""rc""."
"Message",Low,"Task ""ResourceBinaryConcatenate"""
"Message",Normal,"Concatenating into 'C:\Users\ckara\source\repos\SOM\dotnet\TestEnv1\obj\x86\Release\ilc\intermediate\Native.res' with alignment '4'."
"Message",Normal," Added 'C:\Users\ckara\source\repos\SOM\dotnet\TestEnv1\obj\x86\Release\ilc\intermediate\ILTransformed\TestEnv1.res' at offset 0."
"Message",Normal," Added 'C:\Users\ckara\source\repos\SOM\dotnet\TestEnv1\obj\x86\Release\ilc\intermediate\BuildInfo\BuildInfo.res' at offset 1384."
"Message",Low,"Done executing task ""ResourceBinaryConcatenate""."
"Message",Low,"Done building target ""GenerateBuildInfo"" in file ""Nutc""."
"Message",Low,"Done building project ""Nutc""."
"Message",Low,""
"Message",Low,""
"Message",Low,"Done building target ""MDILBindPrepare"" in file ""Binder""."
"Message",Low,""
"Message",High,"Generating fixups for native code"
"Message",Low,"Task ""MDILBind"""
"Message",Normal,"Launching 'C:\Users\ckara\.nuget\packages\microsoft.net.native.compiler\2.0.0\tools\x86\ilc\Tools\rhbind.exe @""C:\Users\ckara\source\repos\SOM\dotnet\TestEnv1\obj\x86\Release\ilc\intermediate\rhbindargs.TestEnv1.rsp""'"
"Message",Low,"OS VERSION: major: 6  minor: 2"
"Message",Low,"MDIL: C:\Users\ckara\source\repos\SOM\dotnet\TestEnv1\obj\x86\Release\ilc\intermediate\MDIL\TestEnv1.mdilexe"
"Message",Low,"MDILPDB: C:\Users\ckara\source\repos\SOM\dotnet\TestEnv1\obj\x86\Release\ilc\intermediate\MDIL\TestEnv1.mdilpdb"
"Message",Low,"IL: C:\Users\ckara\source\repos\SOM\dotnet\TestEnv1\obj\x86\Release\ilc\intermediate\MDIL\TestEnv1.ilexe"
"Message",Low,"NI: C:\Users\ckara\source\repos\SOM\dotnet\TestEnv1\obj\x86\Release\ilc\intermediate\Native\TestEnv1.dll"
"Message",Low,"SHIM: C:\Users\ckara\source\repos\SOM\dotnet\TestEnv1\obj\x86\Release\ilc\intermediate\Native\TestEnv1.exe"
"Message",Low,"REDHAWK_RUNTIME_DLL_NAME_A=mrt100_app.dll"
"Message",Low,"pdb: C:\Users\ckara\source\repos\SOM\dotnet\TestEnv1\obj\x86\Release\ilc\intermediate\Native\TestEnv1.pdb"
"Message",Low,"Produced C:\Users\ckara\source\repos\SOM\dotnet\TestEnv1\obj\x86\Release\ilc\intermediate\Native\TestEnv1.dll in 2.896 seconds"
"Message",Normal,"'C:\Users\ckara\.nuget\packages\microsoft.net.native.compiler\2.0.0\tools\x86\ilc\Tools\rhbind.exe @""C:\Users\ckara\source\repos\SOM\dotnet\TestEnv1\obj\x86\Release\ilc\intermediate\rhbindargs.TestEnv1.rsp""' completed."
"Message",Normal,"Process execution statistics (all times in milliseconds)"
"Message",Normal,"-----------------------------------------------------------------------------"
"Message",Normal,"launch  |  start   |   stop   |   end    | duration | lifetime | [slot] name"
"Message",Normal,"-----------------------------------------------------------------------------"
"Message",Normal,"       0 |       16 |     2953 |     2953 |     2937 |     2953 | [0] rhbind TestEnv1"
"Message",Normal,"Number of commands:      1"
"Message",Normal,"Total system time:       2953 ms"
"Message",Normal,"System time per command: 2953 ms"
"Message",Normal,"Total duration:          2937 ms"
"Message",Normal,"Total lifetime:          2953 ms"
"Message",Normal,"Requested DOP:           12"
"Message",Normal,"Duration DOP:            1.0"
"Message",Normal,"Lifetime DOP:            1.0"
"Message",Low,"Done executing task ""MDILBind""."
"Message",Low,"Done building target ""MDILBind"" in file ""Binder""."
"Message",Low,"Done building project ""Binder""."
"Message",Low,""
"Message",Low,""
"Message",Low,"Done building target ""CopyNativeExecutablesToOutput"" in file ""Deployment""."
"Message",Low,""
"Message",Low,"Task ""TransformAppxManifest"""
"Message",Low,"Done executing task ""TransformAppxManifest""."
"Message",Low,"Done building target ""TransformAppxManifestAndAddCrt"" in file ""Deployment""."
"Message",Low,""
"Message",Low,"Done building target ""CopyPackageResourceFileInRetailBuild"" in file ""Deployment""."
"Message",Low,"Done building project ""Deployment""."
"Message",Low,"Compilation finished"
